{
  "total_samples": 14946,
  "counts": {
    "TP": 1402,
    "TN": 12751,
    "FP": 621,
    "FN": 172
  },
  "accuracy": 0.9469423257058744,
  "precision": 0.6930301532377657,
  "recall": 0.8907242693773825
}