,accuracy,precision,recall,f1,total_samples,drone_samples,bg_samples
positive,0.8907242693773825,1.0,0.8907242693773825,0.9422043010752689,1574,1574,0
negative,0.953559676936883,0.0,0.0,0.0,13372,0,13372
