accuracy,precision,recall,f1_score,specificity,true_positives,false_positives,true_negatives,false_negatives,threshold
0.729827742520399,0.9608452454940957,0.7436267436267436,0.8383947939262473,0.5039370078740157,1546,63,64,533,0.3
0.729827742520399,0.9608452454940957,0.7436267436267436,0.8383947939262473,0.5039370078740157,1546,63,64,533,0.4
0.729827742520399,0.9608452454940957,0.7436267436267436,0.8383947939262473,0.5039370078740157,1546,63,64,533,0.5
0.714868540344515,0.9629629629629629,0.7253487253487253,0.827434842249657,0.5433070866141733,1508,58,69,571,0.6
0.6962828649138713,0.9619672131147541,0.7056277056277056,0.8140954495005549,0.5433070866141733,1467,58,69,612,0.7
0.6840435176790571,0.9675236806495264,0.6878306878306878,0.8040483553556367,0.6220472440944882,1430,48,79,649,0.8
0.6554850407978241,0.972083035075161,0.6531986531986532,0.7813578826237055,0.6929133858267716,1358,39,88,721,0.9
